gender,cholesterol_2,cholesterol_3,gluc_2,gluc_3,smoke,alco,active,age,height,weight,ap_hi,ap_lo,prediccion
1,0,0,0,0,0,0,1,0.6000000000000001,0.5999999999999996,0.1929824561403508,0.1538461538461539,0.5,0
0,0,1,0,0,0,0,1,0.7428571428571429,0.2000000000000001,0.5964912280701755,0.6153846153846156,0.75,1
0,0,1,0,0,0,0,0,0.6285714285714286,0.5,0.2280701754385965,0.4615384615384614,0.25,1
1,0,0,0,0,0,0,1,0.5428571428571429,0.6333333333333329,0.5438596491228072,0.7692307692307694,1.0,1
0,0,0,0,0,0,0,0,0.5142857142857142,0.2000000000000001,0.087719298245614,0.0,0.0,0
